conduit_user1,conduit_user1@gmail.com,123456
conduit_user2,conduit_user2@gmail.com,123456
conduit_user3,conduit_user3@gmail.com,123456
conduit_user4,conduit_user4@gmail.com,123456
conduit_user5,conduit_user5@gmail.com,123456
conduit_user6,conduit_user6@gmail.com,123456
conduit_user7,conduit_user7@gmail.com,123456
conduit_user8,conduit_user8@gmail.com,123456
conduit_user9,conduit_user9@gmail.com,123456
conduit_user10,conduit_user10@gmail.com,123456
conduit_user11,conduit_user11@gmail.com,123456
conduit_user12,conduit_user12@gmail.com,123456
conduit_user13,conduit_user13@gmail.com,123456
conduit_user14,conduit_user14@gmail.com,123456
conduit_user15,conduit_user15@gmail.com,123456
conduit_user16,conduit_user16@gmail.com,123456
conduit_user17,conduit_user17@gmail.com,123456
conduit_user18,conduit_user18@gmail.com,123456
conduit_user19,conduit_user19@gmail.com,123456
conduit_user20,conduit_user20@gmail.com,123456
conduit_user21,conduit_user21@gmail.com,123456
conduit_user22,conduit_user22@gmail.com,123456
conduit_user23,conduit_user23@gmail.com,123456
conduit_user24,conduit_user24@gmail.com,123456
conduit_user25,conduit_user25@gmail.com,123456
conduit_user26,conduit_user26@gmail.com,123456
conduit_user27,conduit_user27@gmail.com,123456
conduit_user28,conduit_user28@gmail.com,123456
conduit_user29,conduit_user29@gmail.com,123456
conduit_user30,conduit_user30@gmail.com,123456